{
  "prompt_v1_scores": {
    "faithfulness": 0.9611111111111111,
    "answer_relevancy": 0.9127150947490008,
    "context_recall": 1.0,
    "context_precision": 0.9416666665920834
  },
  "prompt_v2_scores": {
    "faithfulness": 0.8444584859584858,
    "answer_relevancy": 0.8896864257003467,
    "context_recall": 1.0,
    "context_precision": 0.9383333332589168
  },
  "target_met": true
}